{"cameraMode":{"drawMode":0,"name":"Shaded","section":"Shading Mode"},"sceneLighting":false,"audioPlay":false,"sceneViewState":{"showFog":true,"showMaterialUpdate":false,"showSkybox":false,"showFlares":true,"showImageEffects":true,"showParticleSystems":true},"in2DMode":false,"pivot":{"x":3.752647876739502,"y":0.5455348491668701,"z":-0.10406237840652466},"rotation":{"x":-0.10624609142541886,"y":0.2899841368198395,"z":-0.03241172432899475,"w":-0.9505641460418701},"size":1.332287311553955,"orthographic":false}